State,MonthAndYear,AvgHumidity
Alabama,2021_11,64.8
Alabama,2020_7,76.2
Alabama,2020_3,84.4
Alabama,2020_2,84.2
Alabama,2020_11,71.6
Alabama,2020_10,77.9
Alabama,2022_1,75.7
Alabama,2021_2,69.9
Alabama,2021_10,74.0
Alabama,2021_5,75.6
Alabama,2020_4,73.4
Alabama,2021_1,73.5
Alabama,2020_12,74.3
Alabama,2022_3,77.7
Alabama,2021_9,82.7
Alabama,2020_8,72.2
Alabama,2020_6,78.3
Alabama,2020_5,72.9
Alabama,2022_2,76.2
Alabama,2021_4,73.7
Alabama,2020_1,70.2
Alabama,2021_12,78.6
Alabama,2021_7,79.4
Alabama,2020_9,75.0
Alabama,2021_8,74.5
Alabama,2021_6,69.6
Alabama,2021_3,83.0
Louisiana,2021_11,71.4
Louisiana,2020_7,77.1
Louisiana,2020_3,82.9
Louisiana,2020_2,81.9
Louisiana,2020_11,69.3
Louisiana,2020_10,77.4
Louisiana,2022_1,69.2
Louisiana,2021_2,81.7
Louisiana,2021_10,78.5
Louisiana,2021_5,83.2
Louisiana,2020_4,72.9
Louisiana,2021_1,76.9
Louisiana,2020_12,80.4
Louisiana,2022_3,72.0
Louisiana,2021_9,78.4
Louisiana,2020_8,70.8
Louisiana,2020_6,71.7
Louisiana,2020_5,75.9
Louisiana,2022_2,77.2
Louisiana,2021_4,79.5
Louisiana,2020_1,76.0
Louisiana,2021_12,80.6
Louisiana,2021_7,78.2
Louisiana,2020_9,76.2
Louisiana,2021_8,72.8
Louisiana,2021_6,78.1
Louisiana,2021_3,83.4
Virginia,2021_11,60.4
Virginia,2020_7,71.7
Virginia,2020_3,74.7
Virginia,2020_2,78.8
Virginia,2020_11,73.3
Virginia,2020_10,72.1
Virginia,2022_1,74.6
Virginia,2021_2,69.5
Virginia,2021_10,71.7
Virginia,2021_5,69.5
Virginia,2020_4,68.2
Virginia,2021_1,73.0
Virginia,2020_12,69.7
Virginia,2022_3,78.9
Virginia,2021_9,77.7
Virginia,2020_8,71.9
Virginia,2020_6,76.2
Virginia,2020_5,77.2
Virginia,2022_2,78.5
Virginia,2021_4,75.8
Virginia,2020_1,67.0
Virginia,2021_12,74.3
Virginia,2021_7,65.9
Virginia,2020_9,74.6
Virginia,2021_8,75.2
Virginia,2021_6,67.1
Virginia,2021_3,79.3
Oklahoma,2021_11,71.5
Oklahoma,2020_7,61.0
Oklahoma,2020_3,67.5
Oklahoma,2020_2,69.8
Oklahoma,2020_11,56.2
Oklahoma,2020_10,71.2
Oklahoma,2022_1,42.3
Oklahoma,2021_2,73.9
Oklahoma,2021_10,59.9
Oklahoma,2021_5,81.6
Oklahoma,2020_4,67.7
Oklahoma,2021_1,67.1
Oklahoma,2020_12,68.4
Oklahoma,2022_3,54.5
Oklahoma,2021_9,51.9
Oklahoma,2020_8,63.5
Oklahoma,2020_6,63.0
Oklahoma,2020_5,75.1
Oklahoma,2022_2,60.8
Oklahoma,2021_4,66.8
Oklahoma,2020_1,69.1
Oklahoma,2021_12,61.9
Oklahoma,2021_7,64.6
Oklahoma,2020_9,70.1
Oklahoma,2021_8,58.2
Oklahoma,2021_6,75.2
Oklahoma,2021_3,63.0
Florida,2021_11,65.1
Florida,2020_7,69.0
Florida,2020_3,72.4
Florida,2020_2,77.0
Florida,2020_11,68.7
Florida,2020_10,75.7
Florida,2022_1,70.7
Florida,2021_2,65.2
Florida,2021_10,64.7
Florida,2021_5,65.4
Florida,2020_4,65.7
Florida,2021_1,68.0
Florida,2020_12,64.5
Florida,2022_3,70.8
Florida,2021_9,69.5
Florida,2020_8,68.8
Florida,2020_6,69.0
Florida,2020_5,67.1
Florida,2022_2,69.6
Florida,2021_4,60.6
Florida,2020_1,62.1
Florida,2021_12,72.9
Florida,2021_7,72.9
Florida,2020_9,70.4
Florida,2021_8,70.0
Florida,2021_6,67.6
Florida,2021_3,71.0
Idaho,2021_11,66.7
Idaho,2020_7,42.8
Idaho,2020_3,66.5
Idaho,2020_2,72.6
Idaho,2020_11,66.2
Idaho,2020_10,44.6
Idaho,2022_1,90.4
Idaho,2021_2,77.6
Idaho,2021_10,56.7
Idaho,2021_5,51.1
Idaho,2020_4,58.4
Idaho,2021_1,70.7
Idaho,2020_12,71.4
Idaho,2022_3,68.5
Idaho,2021_9,27.5
Idaho,2020_8,31.4
Idaho,2020_6,57.7
Idaho,2020_5,63.6
Idaho,2022_2,79.7
Idaho,2021_4,50.4
Idaho,2020_1,84.1
Idaho,2021_12,79.2
Idaho,2021_7,27.2
Idaho,2020_9,27.3
Idaho,2021_8,27.7
Idaho,2021_6,38.9
Idaho,2021_3,64.3
Kansas,2021_11,61.8
Kansas,2020_7,72.3
Kansas,2020_3,68.6
Kansas,2020_2,70.2
Kansas,2020_11,59.6
Kansas,2020_10,63.5
Kansas,2022_1,46.1
Kansas,2021_2,76.7
Kansas,2021_10,62.5
Kansas,2021_5,79.4
Kansas,2020_4,66.7
Kansas,2021_1,69.7
Kansas,2020_12,60.3
Kansas,2022_3,57.7
Kansas,2021_9,54.5
Kansas,2020_8,69.2
Kansas,2020_6,67.9
Kansas,2020_5,78.6
Kansas,2022_2,59.2
Kansas,2021_4,71.7
Kansas,2020_1,73.5
Kansas,2021_12,51.9
Kansas,2021_7,67.0
Kansas,2020_9,66.7
Kansas,2021_8,56.0
Kansas,2021_6,75.8
Kansas,2021_3,66.2
Arizona,2021_11,25.9
Arizona,2020_7,24.7
Arizona,2020_3,55.1
Arizona,2020_2,32.7
Arizona,2020_11,25.4
Arizona,2020_10,18.0
Arizona,2022_1,33.4
Arizona,2021_2,31.5
Arizona,2021_10,27.3
Arizona,2021_5,17.0
Arizona,2020_4,25.0
Arizona,2021_1,38.1
Arizona,2020_12,27.4
Arizona,2022_3,21.3
Arizona,2021_9,34.2
Arizona,2020_8,28.2
Arizona,2020_6,14.4
Arizona,2020_5,17.0
Arizona,2022_2,41.7
Arizona,2021_4,19.9
Arizona,2020_1,44.0
Arizona,2021_12,40.5
Arizona,2021_7,35.8
Arizona,2020_9,23.7
Arizona,2021_8,34.1
Arizona,2021_6,23.7
Arizona,2021_3,28.6
South Carolina,2021_11,55.4
South Carolina,2020_7,70.2
South Carolina,2020_3,80.5
South Carolina,2020_2,83.0
South Carolina,2020_11,66.0
South Carolina,2020_10,74.7
South Carolina,2022_1,70.1
South Carolina,2021_2,64.7
South Carolina,2021_10,66.2
South Carolina,2021_5,75.5
South Carolina,2020_4,67.9
South Carolina,2021_1,72.3
South Carolina,2020_12,67.8
South Carolina,2022_3,78.3
South Carolina,2021_9,75.0
South Carolina,2020_8,72.6
South Carolina,2020_6,75.3
South Carolina,2020_5,74.7
South Carolina,2022_2,72.6
South Carolina,2021_4,64.9
South Carolina,2020_1,64.0
South Carolina,2021_12,71.1
South Carolina,2021_7,74.0
South Carolina,2020_9,73.2
South Carolina,2021_8,78.2
South Carolina,2021_6,70.4
South Carolina,2021_3,80.4
Washington,2021_11,80.9
Washington,2020_7,66.2
Washington,2020_3,79.3
Washington,2020_2,85.3
Washington,2020_11,88.3
Washington,2020_10,79.0
Washington,2022_1,91.7
Washington,2021_2,84.7
Washington,2021_10,78.4
Washington,2021_5,62.4
Washington,2020_4,76.7
Washington,2021_1,84.1
Washington,2020_12,85.8
Washington,2022_3,85.2
Washington,2021_9,62.7
Washington,2020_8,60.1
Washington,2020_6,72.5
Washington,2020_5,76.7
Washington,2022_2,80.6
Washington,2021_4,64.7
Washington,2020_1,89.6
Washington,2021_12,89.3
Washington,2021_7,55.7
Washington,2020_9,55.5
Washington,2021_8,52.7
Washington,2021_6,61.2
Washington,2021_3,76.2
Oregon,2021_11,79.5
Oregon,2020_7,65.2
Oregon,2020_3,78.6
Oregon,2020_2,80.8
Oregon,2020_11,86.7
Oregon,2020_10,73.3
Oregon,2022_1,85.5
Oregon,2021_2,83.9
Oregon,2021_10,80.9
Oregon,2021_5,62.4
Oregon,2020_4,81.3
Oregon,2021_1,83.0
Oregon,2020_12,83.0
Oregon,2022_3,84.4
Oregon,2021_9,55.7
Oregon,2020_8,58.8
Oregon,2020_6,69.5
Oregon,2020_5,75.9
Oregon,2022_2,77.6
Oregon,2021_4,62.0
Oregon,2020_1,91.0
Oregon,2021_12,90.0
Oregon,2021_7,54.8
Oregon,2020_9,51.6
Oregon,2021_8,51.4
Oregon,2021_6,60.5
Oregon,2021_3,78.9
Colorado,2021_11,51.1
Colorado,2020_7,37.8
Colorado,2020_3,45.2
Colorado,2020_2,66.7
Colorado,2020_11,42.8
Colorado,2020_10,37.1
Colorado,2022_1,63.0
Colorado,2021_2,60.6
Colorado,2021_10,38.3
Colorado,2021_5,60.7
Colorado,2020_4,42.5
Colorado,2021_1,49.9
Colorado,2020_12,48.4
Colorado,2022_3,56.3
Colorado,2021_9,33.6
Colorado,2020_8,38.5
Colorado,2020_6,37.0
Colorado,2020_5,41.4
Colorado,2022_2,71.3
Colorado,2021_4,71.0
Colorado,2020_1,54.0
Colorado,2021_12,37.9
Colorado,2021_7,44.3
Colorado,2020_9,42.3
Colorado,2021_8,32.9
Colorado,2021_6,39.6
Colorado,2021_3,60.8
South Dakota,2021_11,55.5
South Dakota,2020_7,69.5
South Dakota,2020_3,77.8
South Dakota,2020_2,81.6
South Dakota,2020_11,58.6
South Dakota,2020_10,58.3
South Dakota,2022_1,68.9
South Dakota,2021_2,83.5
South Dakota,2021_10,68.4
South Dakota,2021_5,69.5
South Dakota,2020_4,63.1
South Dakota,2021_1,76.1
South Dakota,2020_12,68.8
South Dakota,2022_3,65.8
South Dakota,2021_9,51.1
South Dakota,2020_8,58.3
South Dakota,2020_6,66.1
South Dakota,2020_5,76.2
South Dakota,2022_2,68.6
South Dakota,2021_4,72.3
South Dakota,2020_1,85.6
South Dakota,2021_12,65.4
South Dakota,2021_7,56.8
South Dakota,2020_9,42.5
South Dakota,2021_8,41.3
South Dakota,2021_6,58.2
South Dakota,2021_3,68.8
Rhode Island,2021_11,62.2
Rhode Island,2020_7,77.3
Rhode Island,2020_3,67.3
Rhode Island,2020_2,75.3
Rhode Island,2020_11,65.8
Rhode Island,2020_10,75.2
Rhode Island,2022_1,65.4
Rhode Island,2021_2,79.6
Rhode Island,2021_10,76.6
Rhode Island,2021_5,73.2
Rhode Island,2020_4,70.4
Rhode Island,2021_1,75.7
Rhode Island,2020_12,60.1
Rhode Island,2022_3,64.9
Rhode Island,2021_9,76.5
Rhode Island,2020_8,63.4
Rhode Island,2020_6,74.5
Rhode Island,2020_5,62.9
Rhode Island,2022_2,82.9
Rhode Island,2021_4,73.1
Rhode Island,2020_1,67.3
Rhode Island,2021_12,73.3
Rhode Island,2021_7,78.7
Rhode Island,2020_9,74.5
Rhode Island,2021_8,75.5
Rhode Island,2021_6,68.8
Rhode Island,2021_3,75.2
Arkansas,2021_11,74.7
Arkansas,2020_7,76.2
Arkansas,2020_3,81.7
Arkansas,2020_2,80.7
Arkansas,2020_11,65.4
Arkansas,2020_10,72.8
Arkansas,2022_1,62.9
Arkansas,2021_2,83.6
Arkansas,2021_10,76.7
Arkansas,2021_5,81.9
Arkansas,2020_4,75.6
Arkansas,2021_1,79.2
Arkansas,2020_12,77.6
Arkansas,2022_3,72.0
Arkansas,2021_9,63.9
Arkansas,2020_8,75.6
Arkansas,2020_6,68.9
Arkansas,2020_5,80.0
Arkansas,2022_2,73.4
Arkansas,2021_4,79.9
Arkansas,2020_1,76.0
Arkansas,2021_12,75.9
Arkansas,2021_7,70.6
Arkansas,2020_9,80.8
Arkansas,2021_8,66.6
Arkansas,2021_6,79.3
Arkansas,2021_3,77.3
Pennsylvania,2021_11,69.5
Pennsylvania,2020_7,72.9
Pennsylvania,2020_3,72.8
Pennsylvania,2020_2,78.4
Pennsylvania,2020_11,74.3
Pennsylvania,2020_10,72.1
Pennsylvania,2022_1,77.9
Pennsylvania,2021_2,82.8
Pennsylvania,2021_10,78.2
Pennsylvania,2021_5,72.7
Pennsylvania,2020_4,71.4
Pennsylvania,2021_1,76.6
Pennsylvania,2020_12,74.1
Pennsylvania,2022_3,75.5
Pennsylvania,2021_9,82.1
Pennsylvania,2020_8,70.1
Pennsylvania,2020_6,75.4
Pennsylvania,2020_5,68.3
Pennsylvania,2022_2,79.2
Pennsylvania,2021_4,77.7
Pennsylvania,2020_1,72.1
Pennsylvania,2021_12,77.2
Pennsylvania,2021_7,78.1
Pennsylvania,2020_9,74.1
Pennsylvania,2021_8,76.1
Pennsylvania,2021_6,72.8
Pennsylvania,2021_3,77.8
Montana,2021_11,65.2
Montana,2020_7,49.2
Montana,2020_3,71.5
Montana,2020_2,78.3
Montana,2020_11,68.1
Montana,2020_10,71.3
Montana,2022_1,84.9
Montana,2021_2,85.2
Montana,2021_10,57.9
Montana,2021_5,66.2
Montana,2020_4,66.5
Montana,2021_1,64.9
Montana,2020_12,67.4
Montana,2022_3,70.3
Montana,2021_9,33.9
Montana,2020_8,40.2
Montana,2020_6,62.7
Montana,2020_5,70.5
Montana,2022_2,80.4
Montana,2021_4,60.5
Montana,2020_1,77.7
Montana,2021_12,79.1
Montana,2021_7,42.5
Montana,2020_9,42.9
Montana,2021_8,47.0
Montana,2021_6,47.5
Montana,2021_3,65.9
Wyoming,2021_11,56.1
Wyoming,2020_7,41.0
Wyoming,2020_3,63.9
Wyoming,2020_2,76.7
Wyoming,2020_11,45.4
Wyoming,2020_10,45.8
Wyoming,2022_1,70.8
Wyoming,2021_2,75.8
Wyoming,2021_10,61.2
Wyoming,2021_5,58.8
Wyoming,2020_4,58.1
Wyoming,2021_1,59.4
Wyoming,2020_12,56.4
Wyoming,2022_3,63.2
Wyoming,2021_9,30.2
Wyoming,2020_8,36.2
Wyoming,2020_6,45.6
Wyoming,2020_5,53.1
Wyoming,2022_2,76.2
Wyoming,2021_4,65.9
Wyoming,2020_1,71.9
Wyoming,2021_12,55.6
Wyoming,2021_7,37.2
Wyoming,2020_9,36.7
Wyoming,2021_8,32.4
Wyoming,2021_6,34.4
Wyoming,2021_3,63.8
Massachusetts,2021_11,62.7
Massachusetts,2020_7,79.1
Massachusetts,2020_3,67.1
Massachusetts,2020_2,74.6
Massachusetts,2020_11,65.4
Massachusetts,2020_10,76.3
Massachusetts,2022_1,65.5
Massachusetts,2021_2,80.0
Massachusetts,2021_10,76.0
Massachusetts,2021_5,72.5
Massachusetts,2020_4,68.2
Massachusetts,2021_1,74.9
Massachusetts,2020_12,59.9
Massachusetts,2022_3,65.2
Massachusetts,2021_9,74.8
Massachusetts,2020_8,63.8
Massachusetts,2020_6,73.3
Massachusetts,2020_5,61.5
Massachusetts,2022_2,80.7
Massachusetts,2021_4,73.1
Massachusetts,2020_1,68.7
Massachusetts,2021_12,74.3
Massachusetts,2021_7,79.1
Massachusetts,2020_9,73.0
Massachusetts,2021_8,75.6
Massachusetts,2021_6,67.9
Massachusetts,2021_3,74.4
Minnesota,2021_11,62.0
Minnesota,2020_7,78.9
Minnesota,2020_3,83.7
Minnesota,2020_2,87.3
Minnesota,2020_11,77.7
Minnesota,2020_10,70.4
Minnesota,2022_1,89.6
Minnesota,2021_2,91.0
Minnesota,2021_10,77.7
Minnesota,2021_5,63.3
Minnesota,2020_4,65.6
Minnesota,2021_1,89.7
Minnesota,2020_12,72.2
Minnesota,2022_3,88.0
Minnesota,2021_9,56.9
Minnesota,2020_8,74.1
Minnesota,2020_6,71.9
Minnesota,2020_5,72.7
Minnesota,2022_2,88.2
Minnesota,2021_4,76.9
Minnesota,2020_1,90.5
Minnesota,2021_12,81.4
Minnesota,2021_7,74.5
Minnesota,2020_9,60.4
Minnesota,2021_8,51.6
Minnesota,2021_6,68.6
Minnesota,2021_3,77.4
New Jersey,2021_11,60.1
New Jersey,2020_7,66.8
New Jersey,2020_3,62.9
New Jersey,2020_2,72.8
New Jersey,2020_11,64.3
New Jersey,2020_10,67.1
New Jersey,2022_1,66.3
New Jersey,2021_2,79.6
New Jersey,2021_10,70.3
New Jersey,2021_5,66.3
New Jersey,2020_4,63.4
New Jersey,2021_1,69.1
New Jersey,2020_12,61.6
New Jersey,2022_3,65.6
New Jersey,2021_9,74.5
New Jersey,2020_8,60.3
New Jersey,2020_6,68.8
New Jersey,2020_5,60.0
New Jersey,2022_2,73.3
New Jersey,2021_4,66.3
New Jersey,2020_1,61.6
New Jersey,2021_12,70.2
New Jersey,2021_7,71.1
New Jersey,2020_9,68.5
New Jersey,2021_8,71.2
New Jersey,2021_6,62.9
New Jersey,2021_3,75.8
California,2021_11,55.4
California,2020_7,47.2
California,2020_3,60.9
California,2020_2,42.0
California,2020_11,48.4
California,2020_10,35.0
California,2022_1,50.5
California,2021_2,59.4
California,2021_10,44.9
California,2021_5,43.4
California,2020_4,55.5
California,2021_1,50.3
California,2020_12,36.2
California,2022_3,49.0
California,2021_9,39.9
California,2020_8,42.5
California,2020_6,41.1
California,2020_5,47.9
California,2022_2,42.6
California,2021_4,50.9
California,2020_1,59.9
California,2021_12,60.0
California,2021_7,42.4
California,2020_9,33.7
California,2021_8,41.2
California,2021_6,44.7
California,2021_3,49.6
New Mexico,2021_11,39.1
New Mexico,2020_7,30.2
New Mexico,2020_3,48.8
New Mexico,2020_2,52.9
New Mexico,2020_11,37.9
New Mexico,2020_10,35.4
New Mexico,2022_1,49.8
New Mexico,2021_2,47.2
New Mexico,2021_10,33.6
New Mexico,2021_5,29.7
New Mexico,2020_4,29.8
New Mexico,2021_1,50.2
New Mexico,2020_12,41.7
New Mexico,2022_3,33.9
New Mexico,2021_9,33.9
New Mexico,2020_8,31.4
New Mexico,2020_6,31.1
New Mexico,2020_5,22.8
New Mexico,2022_2,47.5
New Mexico,2021_4,33.9
New Mexico,2020_1,50.9
New Mexico,2021_12,42.8
New Mexico,2021_7,48.7
New Mexico,2020_9,38.2
New Mexico,2021_8,42.5
New Mexico,2021_6,34.8
New Mexico,2021_3,38.4
Ohio,2021_11,68.4
Ohio,2020_7,74.1
Ohio,2020_3,78.8
Ohio,2020_2,76.7
Ohio,2020_11,73.1
Ohio,2020_10,70.6
Ohio,2022_1,77.5
Ohio,2021_2,90.3
Ohio,2021_10,73.7
Ohio,2021_5,77.0
Ohio,2020_4,72.1
Ohio,2021_1,83.6
Ohio,2020_12,81.0
Ohio,2022_3,77.8
Ohio,2021_9,78.7
Ohio,2020_8,74.4
Ohio,2020_6,77.3
Ohio,2020_5,70.1
Ohio,2022_2,83.3
Ohio,2021_4,79.5
Ohio,2020_1,73.7
Ohio,2021_12,76.0
Ohio,2021_7,81.2
Ohio,2020_9,75.0
Ohio,2021_8,77.7
Ohio,2021_6,78.5
Ohio,2021_3,77.1
Nevada,2021_11,35.4
Nevada,2020_7,15.9
Nevada,2020_3,50.5
Nevada,2020_2,33.9
Nevada,2020_11,37.0
Nevada,2020_10,19.5
Nevada,2022_1,44.1
Nevada,2021_2,40.0
Nevada,2021_10,35.6
Nevada,2021_5,18.2
Nevada,2020_4,36.1
Nevada,2021_1,48.0
Nevada,2020_12,35.9
Nevada,2022_3,31.3
Nevada,2021_9,21.6
Nevada,2020_8,18.9
Nevada,2020_6,21.1
Nevada,2020_5,29.2
Nevada,2022_2,42.2
Nevada,2021_4,24.6
Nevada,2020_1,55.2
Nevada,2021_12,52.9
Nevada,2021_7,22.4
Nevada,2020_9,16.4
Nevada,2021_8,21.4
Nevada,2021_6,21.6
Nevada,2021_3,34.3
Alaska,2021_11,88.2
Alaska,2020_7,76.1
Alaska,2020_3,86.1
Alaska,2020_2,90.9
Alaska,2020_11,76.4
Alaska,2020_10,80.9
Alaska,2022_1,89.5
Alaska,2021_2,90.9
Alaska,2021_10,87.8
Alaska,2021_5,72.7
Alaska,2020_4,81.2
Alaska,2021_1,82.7
Alaska,2020_12,90.8
Alaska,2022_3,91.0
Alaska,2021_9,77.3
Alaska,2020_8,82.7
Alaska,2020_6,77.1
Alaska,2020_5,65.9
Alaska,2022_2,93.6
Alaska,2021_4,77.1
Alaska,2020_1,84.3
Alaska,2021_12,83.5
Alaska,2021_7,87.3
Alaska,2020_9,85.6
Alaska,2021_8,84.3
Alaska,2021_6,78.7
Alaska,2021_3,87.1
Wisconsin,2021_11,65.5
Wisconsin,2020_7,84.0
Wisconsin,2020_3,83.6
Wisconsin,2020_2,83.5
Wisconsin,2020_11,76.0
Wisconsin,2020_10,66.7
Wisconsin,2022_1,87.0
Wisconsin,2021_2,88.8
Wisconsin,2021_10,76.6
Wisconsin,2021_5,74.9
Wisconsin,2020_4,77.3
Wisconsin,2021_1,89.2
Wisconsin,2020_12,74.6
Wisconsin,2022_3,85.9
Wisconsin,2021_9,66.6
Wisconsin,2020_8,75.8
Wisconsin,2020_6,80.4
Wisconsin,2020_5,74.6
Wisconsin,2022_2,85.0
Wisconsin,2021_4,81.2
Wisconsin,2020_1,81.6
Wisconsin,2021_12,77.8
Wisconsin,2021_7,84.9
Wisconsin,2020_9,80.7
Wisconsin,2021_8,78.7
Wisconsin,2021_6,79.5
Wisconsin,2021_3,79.0
West Virginia,2021_11,69.3
West Virginia,2020_7,74.6
West Virginia,2020_3,82.8
West Virginia,2020_2,86.3
West Virginia,2020_11,77.6
West Virginia,2020_10,72.2
West Virginia,2022_1,83.2
West Virginia,2021_2,86.8
West Virginia,2021_10,78.5
West Virginia,2021_5,74.5
West Virginia,2020_4,76.0
West Virginia,2021_1,84.6
West Virginia,2020_12,81.4
West Virginia,2022_3,79.7
West Virginia,2021_9,81.4
West Virginia,2020_8,80.1
West Virginia,2020_6,79.2
West Virginia,2020_5,79.1
West Virginia,2022_2,82.6
West Virginia,2021_4,81.5
West Virginia,2020_1,74.8
West Virginia,2021_12,80.2
West Virginia,2021_7,73.4
West Virginia,2020_9,78.0
West Virginia,2021_8,75.5
West Virginia,2021_6,73.3
West Virginia,2021_3,76.6
New York,2021_11,61.1
New York,2020_7,71.7
New York,2020_3,65.8
New York,2020_2,74.1
New York,2020_11,66.2
New York,2020_10,69.1
New York,2022_1,69.2
New York,2021_2,80.3
New York,2021_10,72.1
New York,2021_5,70.7
New York,2020_4,66.1
New York,2021_1,74.1
New York,2020_12,64.5
New York,2022_3,67.3
New York,2021_9,75.0
New York,2020_8,63.0
New York,2020_6,73.0
New York,2020_5,62.3
New York,2022_2,77.8
New York,2021_4,70.3
New York,2020_1,66.1
New York,2021_12,72.0
New York,2021_7,75.5
New York,2020_9,70.2
New York,2021_8,72.5
New York,2021_6,67.0
New York,2021_3,77.7
Kentucky,2021_11,66.3
Kentucky,2020_7,76.1
Kentucky,2020_3,80.6
Kentucky,2020_2,83.1
Kentucky,2020_11,72.1
Kentucky,2020_10,72.1
Kentucky,2022_1,70.5
Kentucky,2021_2,87.6
Kentucky,2021_10,77.0
Kentucky,2021_5,74.7
Kentucky,2020_4,75.2
Kentucky,2021_1,82.1
Kentucky,2020_12,77.6
Kentucky,2022_3,75.4
Kentucky,2021_9,80.3
Kentucky,2020_8,79.4
Kentucky,2020_6,76.5
Kentucky,2020_5,83.1
Kentucky,2022_2,79.2
Kentucky,2021_4,78.6
Kentucky,2020_1,74.2
Kentucky,2021_12,75.9
Kentucky,2021_7,77.5
Kentucky,2020_9,75.8
Kentucky,2021_8,73.7
Kentucky,2021_6,80.1
Kentucky,2021_3,78.7
Iowa,2021_11,63.0
Iowa,2020_7,88.4
Iowa,2020_3,80.5
Iowa,2020_2,79.0
Iowa,2020_11,73.6
Iowa,2020_10,58.1
Iowa,2022_1,78.8
Iowa,2021_2,90.5
Iowa,2021_10,74.9
Iowa,2021_5,71.0
Iowa,2020_4,69.8
Iowa,2021_1,88.2
Iowa,2020_12,71.5
Iowa,2022_3,76.3
Iowa,2021_9,57.8
Iowa,2020_8,79.6
Iowa,2020_6,78.8
Iowa,2020_5,84.3
Iowa,2022_2,75.9
Iowa,2021_4,72.3
Iowa,2020_1,79.4
Iowa,2021_12,62.7
Iowa,2021_7,80.7
Iowa,2020_9,72.2
Iowa,2021_8,66.2
Iowa,2021_6,78.8
Iowa,2021_3,77.2
Puerto Rico,2021_11,0.0
Puerto Rico,2020_7,0.0
Puerto Rico,2020_3,0.0
Puerto Rico,2020_2,0.0
Puerto Rico,2020_11,0.0
Puerto Rico,2020_10,0.0
Puerto Rico,2022_1,0.0
Puerto Rico,2021_2,0.0
Puerto Rico,2021_10,0.0
Puerto Rico,2021_5,0.0
Puerto Rico,2020_4,0.0
Puerto Rico,2021_1,0.0
Puerto Rico,2020_12,0.0
Puerto Rico,2022_3,0.0
Puerto Rico,2021_9,0.0
Puerto Rico,2020_8,0.0
Puerto Rico,2020_6,0.0
Puerto Rico,2020_5,0.0
Puerto Rico,2022_2,0.0
Puerto Rico,2021_4,0.0
Puerto Rico,2020_1,0.0
Puerto Rico,2021_12,0.0
Puerto Rico,2021_7,0.0
Puerto Rico,2020_9,0.0
Puerto Rico,2021_8,0.0
Puerto Rico,2021_6,0.0
Puerto Rico,2021_3,0.0
Indiana,2021_11,70.7
Indiana,2020_7,79.8
Indiana,2020_3,77.7
Indiana,2020_2,76.6
Indiana,2020_11,69.7
Indiana,2020_10,67.6
Indiana,2022_1,72.9
Indiana,2021_2,90.7
Indiana,2021_10,72.5
Indiana,2021_5,74.8
Indiana,2020_4,73.1
Indiana,2021_1,84.2
Indiana,2020_12,78.1
Indiana,2022_3,76.5
Indiana,2021_9,74.9
Indiana,2020_8,80.0
Indiana,2020_6,76.5
Indiana,2020_5,74.3
Indiana,2022_2,82.5
Indiana,2021_4,77.0
Indiana,2020_1,70.5
Indiana,2021_12,72.6
Indiana,2021_7,81.9
Indiana,2020_9,75.9
Indiana,2021_8,80.3
Indiana,2021_6,80.5
Indiana,2021_3,76.6
Maryland,2021_11,62.8
Maryland,2020_7,68.6
Maryland,2020_3,69.6
Maryland,2020_2,76.9
Maryland,2020_11,73.1
Maryland,2020_10,70.7
Maryland,2022_1,72.1
Maryland,2021_2,69.2
Maryland,2021_10,74.1
Maryland,2021_5,70.5
Maryland,2020_4,67.9
Maryland,2021_1,71.1
Maryland,2020_12,68.3
Maryland,2022_3,76.8
Maryland,2021_9,77.9
Maryland,2020_8,68.4
Maryland,2020_6,74.3
Maryland,2020_5,73.3
Maryland,2022_2,76.8
Maryland,2021_4,77.1
Maryland,2020_1,66.2
Maryland,2021_12,76.2
Maryland,2021_7,69.1
Maryland,2020_9,74.0
Maryland,2021_8,73.1
Maryland,2021_6,68.6
Maryland,2021_3,78.9
Mississippi,2021_11,71.3
Mississippi,2020_7,80.0
Mississippi,2020_3,85.5
Mississippi,2020_2,85.5
Mississippi,2020_11,70.2
Mississippi,2020_10,75.6
Mississippi,2022_1,72.4
Mississippi,2021_2,80.4
Mississippi,2021_10,75.7
Mississippi,2021_5,80.9
Mississippi,2020_4,74.8
Mississippi,2021_1,79.8
Mississippi,2020_12,79.9
Mississippi,2022_3,76.1
Mississippi,2021_9,80.1
Mississippi,2020_8,75.3
Mississippi,2020_6,78.5
Mississippi,2020_5,78.0
Mississippi,2022_2,80.6
Mississippi,2021_4,79.2
Mississippi,2020_1,74.2
Mississippi,2021_12,80.8
Mississippi,2021_7,79.9
Mississippi,2020_9,79.0
Mississippi,2021_8,69.1
Mississippi,2021_6,76.8
Mississippi,2021_3,85.7
Georgia,2021_11,56.8
Georgia,2020_7,68.0
Georgia,2020_3,79.9
Georgia,2020_2,83.0
Georgia,2020_11,65.9
Georgia,2020_10,72.2
Georgia,2022_1,71.2
Georgia,2021_2,62.2
Georgia,2021_10,69.8
Georgia,2021_5,72.9
Georgia,2020_4,63.2
Georgia,2021_1,67.1
Georgia,2020_12,66.7
Georgia,2022_3,73.8
Georgia,2021_9,78.7
Georgia,2020_8,66.9
Georgia,2020_6,70.5
Georgia,2020_5,66.5
Georgia,2022_2,70.5
Georgia,2021_4,62.3
Georgia,2020_1,63.2
Georgia,2021_12,73.2
Georgia,2021_7,76.5
Georgia,2020_9,68.5
Georgia,2021_8,74.8
Georgia,2021_6,64.8
Georgia,2021_3,77.9
North Carolina,2021_11,57.6
North Carolina,2020_7,73.9
North Carolina,2020_3,79.5
North Carolina,2020_2,80.8
North Carolina,2020_11,71.1
North Carolina,2020_10,73.3
North Carolina,2022_1,71.3
North Carolina,2021_2,65.2
North Carolina,2021_10,67.0
North Carolina,2021_5,76.9
North Carolina,2020_4,68.6
North Carolina,2021_1,72.9
North Carolina,2020_12,68.8
North Carolina,2022_3,79.3
North Carolina,2021_9,75.4
North Carolina,2020_8,75.3
North Carolina,2020_6,78.5
North Carolina,2020_5,80.7
North Carolina,2022_2,76.5
North Carolina,2021_4,67.2
North Carolina,2020_1,67.4
North Carolina,2021_12,68.4
North Carolina,2021_7,73.4
North Carolina,2020_9,76.6
North Carolina,2021_8,81.2
North Carolina,2021_6,70.9
North Carolina,2021_3,78.4
Texas,2021_11,69.8
Texas,2020_7,61.3
Texas,2020_3,70.3
Texas,2020_2,68.9
Texas,2020_11,54.1
Texas,2020_10,64.7
Texas,2022_1,54.4
Texas,2021_2,78.1
Texas,2021_10,57.8
Texas,2021_5,77.8
Texas,2020_4,63.9
Texas,2021_1,67.4
Texas,2020_12,61.5
Texas,2022_3,52.7
Texas,2021_9,56.0
Texas,2020_8,52.0
Texas,2020_6,56.7
Texas,2020_5,61.5
Texas,2022_2,68.3
Texas,2021_4,68.7
Texas,2020_1,69.6
Texas,2021_12,68.0
Texas,2021_7,65.5
Texas,2020_9,64.0
Texas,2021_8,61.1
Texas,2021_6,71.0
Texas,2021_3,64.8
Michigan,2021_11,69.4
Michigan,2020_7,73.7
Michigan,2020_3,73.7
Michigan,2020_2,74.4
Michigan,2020_11,73.9
Michigan,2020_10,66.8
Michigan,2022_1,83.4
Michigan,2021_2,87.4
Michigan,2021_10,74.5
Michigan,2021_5,71.5
Michigan,2020_4,71.3
Michigan,2021_1,85.9
Michigan,2020_12,77.4
Michigan,2022_3,84.1
Michigan,2021_9,72.2
Michigan,2020_8,66.0
Michigan,2020_6,76.6
Michigan,2020_5,61.6
Michigan,2022_2,86.5
Michigan,2021_4,75.4
Michigan,2020_1,76.5
Michigan,2021_12,77.0
Michigan,2021_7,79.6
Michigan,2020_9,78.5
Michigan,2021_8,79.5
Michigan,2021_6,75.3
Michigan,2021_3,75.7
New Hampshire,2021_11,65.8
New Hampshire,2020_7,82.7
New Hampshire,2020_3,74.0
New Hampshire,2020_2,80.5
New Hampshire,2020_11,68.2
New Hampshire,2020_10,81.8
New Hampshire,2022_1,74.3
New Hampshire,2021_2,85.5
New Hampshire,2021_10,77.4
New Hampshire,2021_5,74.2
New Hampshire,2020_4,69.2
New Hampshire,2021_1,77.6
New Hampshire,2020_12,63.5
New Hampshire,2022_3,68.2
New Hampshire,2021_9,77.0
New Hampshire,2020_8,65.7
New Hampshire,2020_6,75.3
New Hampshire,2020_5,62.9
New Hampshire,2022_2,83.7
New Hampshire,2021_4,74.9
New Hampshire,2020_1,78.0
New Hampshire,2021_12,80.1
New Hampshire,2021_7,78.4
New Hampshire,2020_9,75.6
New Hampshire,2021_8,75.1
New Hampshire,2021_6,65.2
New Hampshire,2021_3,75.7
Vermont,2021_11,75.7
Vermont,2020_7,83.5
Vermont,2020_3,78.2
Vermont,2020_2,87.2
Vermont,2020_11,77.9
Vermont,2020_10,86.4
Vermont,2022_1,84.9
Vermont,2021_2,91.1
Vermont,2021_10,84.0
Vermont,2021_5,81.9
Vermont,2020_4,71.8
Vermont,2021_1,90.9
Vermont,2020_12,70.6
Vermont,2022_3,77.0
Vermont,2021_9,80.1
Vermont,2020_8,74.2
Vermont,2020_6,80.8
Vermont,2020_5,70.2
Vermont,2022_2,88.0
Vermont,2021_4,81.9
Vermont,2020_1,87.3
Vermont,2021_12,83.2
Vermont,2021_7,84.8
Vermont,2020_9,79.4
Vermont,2021_8,77.4
Vermont,2021_6,73.7
Vermont,2021_3,81.5
Nebraska,2021_11,56.7
Nebraska,2020_7,79.9
Nebraska,2020_3,69.5
Nebraska,2020_2,62.8
Nebraska,2020_11,63.8
Nebraska,2020_10,49.6
Nebraska,2022_1,49.9
Nebraska,2021_2,86.7
Nebraska,2021_10,61.6
Nebraska,2021_5,70.5
Nebraska,2020_4,62.8
Nebraska,2021_1,79.2
Nebraska,2020_12,66.9
Nebraska,2022_3,58.1
Nebraska,2021_9,57.3
Nebraska,2020_8,70.7
Nebraska,2020_6,67.5
Nebraska,2020_5,79.7
Nebraska,2022_2,51.9
Nebraska,2021_4,71.7
Nebraska,2020_1,79.2
Nebraska,2021_12,49.5
Nebraska,2021_7,59.0
Nebraska,2020_9,58.9
Nebraska,2021_8,47.1
Nebraska,2021_6,69.4
Nebraska,2021_3,68.4
Delaware,2021_11,64.3
Delaware,2020_7,73.2
Delaware,2020_3,70.5
Delaware,2020_2,77.6
Delaware,2020_11,73.0
Delaware,2020_10,73.6
Delaware,2022_1,69.3
Delaware,2021_2,71.9
Delaware,2021_10,75.3
Delaware,2021_5,69.7
Delaware,2020_4,68.6
Delaware,2021_1,72.3
Delaware,2020_12,67.7
Delaware,2022_3,75.2
Delaware,2021_9,75.9
Delaware,2020_8,72.0
Delaware,2020_6,76.1
Delaware,2020_5,71.7
Delaware,2022_2,75.4
Delaware,2021_4,73.8
Delaware,2020_1,67.6
Delaware,2021_12,74.8
Delaware,2021_7,70.5
Delaware,2020_9,78.3
Delaware,2021_8,75.7
Delaware,2021_6,68.0
Delaware,2021_3,79.1
Connecticut,2021_11,61.9
Connecticut,2020_7,73.7
Connecticut,2020_3,65.4
Connecticut,2020_2,73.4
Connecticut,2020_11,66.4
Connecticut,2020_10,71.6
Connecticut,2022_1,67.5
Connecticut,2021_2,82.4
Connecticut,2021_10,74.2
Connecticut,2021_5,71.7
Connecticut,2020_4,65.8
Connecticut,2021_1,75.6
Connecticut,2020_12,58.5
Connecticut,2022_3,64.2
Connecticut,2021_9,78.7
Connecticut,2020_8,63.7
Connecticut,2020_6,72.2
Connecticut,2020_5,60.5
Connecticut,2022_2,79.3
Connecticut,2021_4,70.3
Connecticut,2020_1,66.2
Connecticut,2021_12,74.8
Connecticut,2021_7,80.4
Connecticut,2020_9,72.0
Connecticut,2021_8,76.3
Connecticut,2021_6,68.1
Connecticut,2021_3,78.1
Illinois,2021_11,66.3
Illinois,2020_7,76.4
Illinois,2020_3,76.6
Illinois,2020_2,72.6
Illinois,2020_11,66.8
Illinois,2020_10,60.5
Illinois,2022_1,78.1
Illinois,2021_2,89.9
Illinois,2021_10,68.8
Illinois,2021_5,69.5
Illinois,2020_4,69.6
Illinois,2021_1,85.2
Illinois,2020_12,70.6
Illinois,2022_3,80.2
Illinois,2021_9,61.9
Illinois,2020_8,67.2
Illinois,2020_6,71.8
Illinois,2020_5,68.3
Illinois,2022_2,80.9
Illinois,2021_4,74.3
Illinois,2020_1,69.0
Illinois,2021_12,66.0
Illinois,2021_7,80.4
Illinois,2020_9,72.7
Illinois,2021_8,76.8
Illinois,2021_6,75.5
Illinois,2021_3,74.4
North Dakota,2021_11,64.0
North Dakota,2020_7,66.7
North Dakota,2020_3,81.5
North Dakota,2020_2,85.9
North Dakota,2020_11,61.1
North Dakota,2020_10,69.0
North Dakota,2022_1,88.4
North Dakota,2021_2,86.8
North Dakota,2021_10,62.8
North Dakota,2021_5,55.4
North Dakota,2020_4,59.9
North Dakota,2021_1,79.5
North Dakota,2020_12,80.5
North Dakota,2022_3,81.8
North Dakota,2021_9,45.7
North Dakota,2020_8,63.9
North Dakota,2020_6,66.6
North Dakota,2020_5,70.1
North Dakota,2022_2,86.2
North Dakota,2021_4,58.1
North Dakota,2020_1,90.2
North Dakota,2021_12,86.5
North Dakota,2021_7,49.9
North Dakota,2020_9,44.2
North Dakota,2021_8,38.6
North Dakota,2021_6,57.6
North Dakota,2021_3,65.2
District of Columbia,2021_11,58.8
District of Columbia,2020_7,61.4
District of Columbia,2020_3,64.5
District of Columbia,2020_2,73.2
District of Columbia,2020_11,70.0
District of Columbia,2020_10,67.2
District of Columbia,2022_1,70.0
District of Columbia,2021_2,64.2
District of Columbia,2021_10,71.2
District of Columbia,2021_5,67.0
District of Columbia,2020_4,61.8
District of Columbia,2021_1,68.2
District of Columbia,2020_12,64.6
District of Columbia,2022_3,75.4
District of Columbia,2021_9,76.8
District of Columbia,2020_8,62.8
District of Columbia,2020_6,69.2
District of Columbia,2020_5,70.2
District of Columbia,2022_2,74.8
District of Columbia,2021_4,76.8
District of Columbia,2020_1,62.0
District of Columbia,2021_12,74.4
District of Columbia,2021_7,65.8
District of Columbia,2020_9,69.6
District of Columbia,2021_8,70.5
District of Columbia,2021_6,64.6
District of Columbia,2021_3,75.8
Tennessee,2021_11,67.4
Tennessee,2020_7,75.8
Tennessee,2020_3,81.8
Tennessee,2020_2,84.9
Tennessee,2020_11,70.8
Tennessee,2020_10,73.7
Tennessee,2022_1,74.2
Tennessee,2021_2,78.4
Tennessee,2021_10,75.7
Tennessee,2021_5,75.2
Tennessee,2020_4,74.0
Tennessee,2021_1,76.7
Tennessee,2020_12,75.0
Tennessee,2022_3,77.7
Tennessee,2021_9,80.7
Tennessee,2020_8,80.2
Tennessee,2020_6,75.3
Tennessee,2020_5,80.4
Tennessee,2022_2,76.7
Tennessee,2021_4,77.7
Tennessee,2020_1,75.0
Tennessee,2021_12,75.7
Tennessee,2021_7,75.4
Tennessee,2020_9,74.8
Tennessee,2021_8,72.3
Tennessee,2021_6,75.6
Tennessee,2021_3,79.8
Hawaii,2021_11,74.9
Hawaii,2020_7,72.3
Hawaii,2020_3,78.1
Hawaii,2020_2,75.2
Hawaii,2020_11,77.7
Hawaii,2020_10,73.8
Hawaii,2022_1,76.0
Hawaii,2021_2,73.6
Hawaii,2021_10,73.0
Hawaii,2021_5,72.2
Hawaii,2020_4,72.8
Hawaii,2021_1,76.2
Hawaii,2020_12,73.1
Hawaii,2022_3,73.7
Hawaii,2021_9,71.0
Hawaii,2020_8,71.7
Hawaii,2020_6,73.4
Hawaii,2020_5,75.2
Hawaii,2022_2,70.4
Hawaii,2021_4,70.4
Hawaii,2020_1,72.4
Hawaii,2021_12,76.3
Hawaii,2021_7,72.4
Hawaii,2020_9,71.2
Hawaii,2021_8,72.3
Hawaii,2021_6,68.2
Hawaii,2021_3,77.1
Missouri,2021_11,66.6
Missouri,2020_7,78.2
Missouri,2020_3,77.7
Missouri,2020_2,76.8
Missouri,2020_11,66.0
Missouri,2020_10,69.8
Missouri,2022_1,58.1
Missouri,2021_2,82.4
Missouri,2021_10,74.2
Missouri,2021_5,75.4
Missouri,2020_4,72.6
Missouri,2021_1,76.1
Missouri,2020_12,69.1
Missouri,2022_3,72.3
Missouri,2021_9,62.9
Missouri,2020_8,77.6
Missouri,2020_6,72.9
Missouri,2020_5,85.6
Missouri,2022_2,70.4
Missouri,2021_4,78.3
Missouri,2020_1,75.9
Missouri,2021_12,64.9
Missouri,2021_7,71.8
Missouri,2020_9,73.1
Missouri,2021_8,66.7
Missouri,2021_6,79.2
Missouri,2021_3,72.5
Maine,2021_11,66.3
Maine,2020_7,79.9
Maine,2020_3,75.9
Maine,2020_2,79.3
Maine,2020_11,68.0
Maine,2020_10,81.3
Maine,2022_1,75.9
Maine,2021_2,85.0
Maine,2021_10,75.6
Maine,2021_5,76.1
Maine,2020_4,68.0
Maine,2021_1,76.9
Maine,2020_12,63.8
Maine,2022_3,71.0
Maine,2021_9,76.3
Maine,2020_8,67.5
Maine,2020_6,73.8
Maine,2020_5,64.5
Maine,2022_2,83.9
Maine,2021_4,70.6
Maine,2020_1,80.6
Maine,2021_12,75.4
Maine,2021_7,80.8
Maine,2020_9,75.7
Maine,2021_8,77.6
Maine,2021_6,68.9
Maine,2021_3,75.6
Utah,2021_11,59.8
Utah,2020_7,29.3
Utah,2020_3,70.0
Utah,2020_2,63.7
Utah,2020_11,50.9
Utah,2020_10,32.5
Utah,2022_1,68.6
Utah,2021_2,78.8
Utah,2021_10,68.8
Utah,2021_5,40.4
Utah,2020_4,53.7
Utah,2021_1,65.6
Utah,2020_12,60.1
Utah,2022_3,63.9
Utah,2021_9,28.2
Utah,2020_8,24.7
Utah,2020_6,40.9
Utah,2020_5,47.7
Utah,2022_2,65.3
Utah,2021_4,55.4
Utah,2020_1,81.1
Utah,2021_12,72.5
Utah,2021_7,35.8
Utah,2020_9,25.7
Utah,2021_8,33.1
Utah,2021_6,27.3
Utah,2021_3,55.9
